{"cameraMode":{"drawMode":0,"name":"Shaded","section":"Shading Mode"},"sceneLighting":false,"audioPlay":false,"sceneViewState":{"m_AlwaysRefresh":false,"showFog":true,"showSkybox":false,"showFlares":true,"showImageEffects":true,"showParticleSystems":true,"showVisualEffectGraphs":true,"m_FxEnabled":true},"in2DMode":false,"pivot":{"x":-3.4067482948303224,"y":-0.49137502908706667,"z":-3.968792676925659},"rotation":{"x":-0.03945686295628548,"y":0.8717130422592163,"z":-0.0716283842921257,"w":-0.48254385590553286},"size":2.8136887550354006,"orthographic":false}