{"cameraMode":{"drawMode":0,"name":"Shaded","section":"Shading Mode"},"sceneLighting":false,"audioPlay":false,"sceneViewState":{"m_AlwaysRefresh":false,"showFog":true,"showSkybox":true,"showFlares":true,"showImageEffects":true,"showParticleSystems":true,"showVisualEffectGraphs":true,"m_FxEnabled":true},"in2DMode":false,"pivot":{"x":15.155853271484375,"y":13.125033378601075,"z":1.6201039552688599},"rotation":{"x":-0.06270888447761536,"y":0.7075380682945252,"z":-0.06348954141139984,"w":-0.7004731297492981},"size":1.0275019407272339,"orthographic":false}