{"cameraMode":{"drawMode":0,"name":"Shaded","section":"Shading Mode"},"sceneLighting":false,"audioPlay":false,"sceneViewState":{"m_AlwaysRefresh":false,"showFog":true,"showSkybox":true,"showFlares":true,"showImageEffects":true,"showParticleSystems":true,"showVisualEffectGraphs":true,"m_FxEnabled":true},"in2DMode":false,"pivot":{"x":-0.3721882700920105,"y":8.243492126464844,"z":-3.9188361167907717},"rotation":{"x":0.12496039271354675,"y":0.7942301630973816,"z":0.5675288438796997,"w":-0.17516173422336579},"size":2.1558821201324465,"orthographic":false}